"filename", "language", "Python", "YAML", "Groovy", "pip requirements", "Ini", "Markdown", "Shell Script", "comment", "blank", "total"
"/Users/lewis/Documents/code/beta47-auto/Jenkinsfile", "Groovy", 0, 0, 98, 0, 0, 0, 0, 0, 9, 107
"/Users/lewis/Documents/code/beta47-auto/README.md", "Markdown", 0, 0, 0, 0, 0, 226, 0, 0, 75, 301
"/Users/lewis/Documents/code/beta47-auto/api/__init__.py", "Python", 0, 0, 0, 0, 0, 0, 0, 0, 1, 1
"/Users/lewis/Documents/code/beta47-auto/api/address_api.py", "Python", 34, 0, 0, 0, 0, 0, 0, 1, 7, 42
"/Users/lewis/Documents/code/beta47-auto/api/cart_api.py", "Python", 40, 0, 0, 0, 0, 0, 0, 1, 6, 47
"/Users/lewis/Documents/code/beta47-auto/api/login_api.py", "Python", 34, 0, 0, 0, 0, 0, 0, 2, 8, 44
"/Users/lewis/Documents/code/beta47-auto/api/product_api.py", "Python", 10, 0, 0, 0, 0, 0, 0, 1, 4, 15
"/Users/lewis/Documents/code/beta47-auto/common/__init__.py", "Python", 0, 0, 0, 0, 0, 0, 0, 0, 1, 1
"/Users/lewis/Documents/code/beta47-auto/common/env_util.py", "Python", 12, 0, 0, 0, 0, 0, 0, 1, 5, 18
"/Users/lewis/Documents/code/beta47-auto/common/logger.py", "Python", 21, 0, 0, 0, 0, 0, 0, 0, 8, 29
"/Users/lewis/Documents/code/beta47-auto/common/request_client.py", "Python", 39, 0, 0, 0, 0, 0, 0, 1, 14, 54
"/Users/lewis/Documents/code/beta47-auto/common/yaml_util.py", "Python", 5, 0, 0, 0, 0, 0, 0, 1, 4, 10
"/Users/lewis/Documents/code/beta47-auto/config/config.yaml", "YAML", 0, 2, 0, 0, 0, 0, 0, 0, 1, 3
"/Users/lewis/Documents/code/beta47-auto/conftest.py", "Python", 78, 0, 0, 0, 0, 0, 0, 2, 27, 107
"/Users/lewis/Documents/code/beta47-auto/data/address.yaml", "YAML", 0, 39, 0, 0, 0, 0, 0, 0, 5, 44
"/Users/lewis/Documents/code/beta47-auto/data/cart.yaml", "YAML", 0, 24, 0, 0, 0, 0, 0, 0, 5, 29
"/Users/lewis/Documents/code/beta47-auto/data/product.yaml", "YAML", 0, 17, 0, 0, 0, 0, 0, 0, 2, 19
"/Users/lewis/Documents/code/beta47-auto/pytest.ini", "Ini", 0, 0, 0, 0, 12, 0, 0, 0, 1, 13
"/Users/lewis/Documents/code/beta47-auto/requirements.txt", "pip requirements", 0, 0, 0, 4, 0, 0, 0, 0, 1, 5
"/Users/lewis/Documents/code/beta47-auto/scripts/run_tests.sh", "Shell Script", 0, 0, 0, 0, 0, 0, 22, 5, 8, 35
"/Users/lewis/Documents/code/beta47-auto/scripts/send_feishu.py", "Python", 85, 0, 0, 0, 0, 0, 0, 3, 10, 98
"/Users/lewis/Documents/code/beta47-auto/tests/__init__.py", "Python", 0, 0, 0, 0, 0, 0, 0, 0, 1, 1
"/Users/lewis/Documents/code/beta47-auto/tests/cart_helpers.py", "Python", 26, 0, 0, 0, 0, 0, 0, 2, 5, 33
"/Users/lewis/Documents/code/beta47-auto/tests/test_address_flow.py", "Python", 72, 0, 0, 0, 0, 0, 0, 1, 14, 87
"/Users/lewis/Documents/code/beta47-auto/tests/test_address_parameters.py", "Python", 76, 0, 0, 0, 0, 0, 0, 1, 14, 91
"/Users/lewis/Documents/code/beta47-auto/tests/test_cart_flow.py", "Python", 70, 0, 0, 0, 0, 0, 0, 0, 13, 83
"/Users/lewis/Documents/code/beta47-auto/tests/test_cart_parameters.py", "Python", 65, 0, 0, 0, 0, 0, 0, 1, 12, 78
"/Users/lewis/Documents/code/beta47-auto/tests/test_product.py", "Python", 65, 0, 0, 0, 0, 0, 0, 0, 14, 79
"Total", "-", 732, 82, 98, 4, 12, 226, 22, 23, 275, 1474